Archivo,Name,Folder,Media,Desviacion estandar,Valor minimo,Valor maximo,Numero de bordes
1,AOT (1).png,attackOnTitan_fotos,16.865262345679014,13.760977299140894,0.0,56.0,0
2,AOT (2).png,attackOnTitan_fotos,136.5515239197531,64.69130292835428,8.0,255.0,26733
3,AOT (3).png,attackOnTitan_fotos,157.12355709876545,49.355644753375756,37.0,243.0,1907
4,AOT (4).png,attackOnTitan_fotos,180.51586805555556,39.37023189015325,41.0,244.0,161
5,AOT (5).png,attackOnTitan_fotos,210.59391830632717,17.401861639888644,122.0,239.0,0
6,AOT (6).png,attackOnTitan_fotos,201.2843180941358,24.671423082689213,117.0,244.0,0
7,AOT (7).png,attackOnTitan_fotos,172.40370659722223,34.22709265875069,47.0,251.0,31697
8,AOT (8).png,attackOnTitan_fotos,28.827795138888888,43.8736820108186,0.0,255.0,11278
9,AOT (9).png,attackOnTitan_fotos,164.8628549382716,83.32279263237439,0.0,255.0,38848
10,AOT (10).png,attackOnTitan_fotos,28.271019965277777,41.82813085147313,0.0,244.0,9313
11,AOT (11).png,attackOnTitan_fotos,32.05085069444444,36.53115897228158,0.0,240.0,8193
12,AOT (12).png,attackOnTitan_fotos,53.902342303240744,45.66160215301563,0.0,255.0,12150
13,AOT (13).png,attackOnTitan_fotos,126.28940441743828,80.76261478766094,6.0,254.0,510
14,AOT (14).png,attackOnTitan_fotos,156.76690055941359,53.717112665367,38.0,249.0,2674
15,AOT (15).png,attackOnTitan_fotos,148.2675636574074,39.306660592115186,39.0,255.0,12304
16,AOT (16).png,attackOnTitan_fotos,71.87934220679013,64.83598914921974,0.0,255.0,55310
17,AOT (17).png,attackOnTitan_fotos,32.82124855324074,36.07442303733503,0.0,244.0,10483
18,AOT (18).png,attackOnTitan_fotos,72.16814187885802,42.198249561098685,0.0,225.0,15832
19,AOT (19).png,attackOnTitan_fotos,82.63543788580247,59.49468224969916,0.0,255.0,76095
20,AOT (20).png,attackOnTitan_fotos,68.01810136959877,61.5543521804893,0.0,255.0,59357
21,AOT (21).png,attackOnTitan_fotos,114.15946759259259,50.435256637984736,0.0,255.0,20992
22,AOT (22).png,attackOnTitan_fotos,88.69457706404322,30.439794424345138,18.0,208.0,1541
23,AOT (23).png,attackOnTitan_fotos,61.70903694058642,36.58312321356684,0.0,219.0,2234
24,AOT (24).png,attackOnTitan_fotos,122.16591049382717,98.39370415480715,0.0,255.0,33699
25,AOT (25).png,attackOnTitan_fotos,47.38446277006173,38.9971559250892,0.0,255.0,10762
26,AOT (26).png,attackOnTitan_fotos,52.043339602623455,46.46902603922912,0.0,231.0,7203
27,AOT (27).png,attackOnTitan_fotos,130.80243007330247,66.9396901923606,0.0,254.0,0
28,AOT (28).png,attackOnTitan_fotos,173.8518291859568,56.48571202169059,0.0,255.0,46034
29,AOT (29).png,attackOnTitan_fotos,63.103131269290124,40.423636820630875,0.0,242.0,33208
30,AOT (30).png,attackOnTitan_fotos,198.17166329089505,38.91680879927925,26.0,255.0,62019
31,AOT (31).png,attackOnTitan_fotos,176.41230613425927,44.25851058112988,1.0,255.0,80529
32,AOT (32).png,attackOnTitan_fotos,199.62573640046296,41.74456081921066,60.0,248.0,473
33,AOT (33).png,attackOnTitan_fotos,174.48525318287037,40.48447448245921,80.0,255.0,7665
34,AOT (34).png,attackOnTitan_fotos,223.33266203703704,24.4128985710508,76.0,250.0,569
35,AOT (35).png,attackOnTitan_fotos,220.64646556712964,25.73504761845343,109.0,251.0,0
36,AOT (36).png,attackOnTitan_fotos,192.05674672067903,37.89604156819129,60.0,250.0,0
37,AOT (37).png,attackOnTitan_fotos,180.25488859953705,34.70541887123538,87.0,241.0,0
38,AOT (38).png,attackOnTitan_fotos,171.14432677469136,46.79821924897034,47.0,255.0,21145
39,AOT (39).png,attackOnTitan_fotos,185.96447145061728,42.40504641307112,30.0,250.0,17157
40,AOT (40).png,attackOnTitan_fotos,208.53770495756174,36.73806352482068,49.0,250.0,376
41,AOT (41).png,attackOnTitan_fotos,154.63248649691357,28.611258029386377,42.0,223.0,35825
42,AOT (42).png,attackOnTitan_fotos,110.4724291087963,75.45194203836895,0.0,255.0,12190
43,AOT (43).png,attackOnTitan_fotos,111.23046392746915,63.424987543892755,1.0,255.0,49659
44,AOT (44).png,attackOnTitan_fotos,122.23406876929013,78.71312984195023,1.0,254.0,1933
45,AOT (45).png,attackOnTitan_fotos,106.50718364197532,56.33706959359658,0.0,255.0,5016
46,AOT (46).png,attackOnTitan_fotos,144.37439380787038,46.95960583258531,28.0,246.0,5869
47,AOT (47).png,attackOnTitan_fotos,80.95852575231481,45.13325132622776,14.0,234.0,7350
48,AOT (48).png,attackOnTitan_fotos,98.14279610339507,46.07912627820732,7.0,253.0,34377
49,AOT (49).png,attackOnTitan_fotos,119.36199122299384,65.28102424454578,0.0,254.0,37893
50,AOT (50).png,attackOnTitan_fotos,131.54596691743828,57.66902408581312,0.0,255.0,30203
51,AOT (51).png,attackOnTitan_fotos,97.12342447916667,58.361829153501866,0.0,255.0,58328
52,AOT (52).png,attackOnTitan_fotos,80.57413483796296,67.90099039270159,0.0,255.0,95930
53,AOT (53).png,attackOnTitan_fotos,162.77044704861112,55.665747887104004,6.0,255.0,92881
54,AOT (54).png,attackOnTitan_fotos,141.72209780092592,57.66381192520865,0.0,255.0,38590
55,AOT (55).png,attackOnTitan_fotos,120.95227141203704,49.47076186072595,0.0,255.0,40204
56,AOT (56).png,attackOnTitan_fotos,227.0885590277778,20.66486151500655,92.0,255.0,2496
57,AOT (57).png,attackOnTitan_fotos,113.8369888117284,45.06469977463983,47.0,251.0,3647
58,AOT (58).png,attackOnTitan_fotos,146.4443185763889,46.99009424198602,10.0,255.0,25857
59,AOT (59).png,attackOnTitan_fotos,187.1717148919753,28.966220463876947,59.0,241.0,1811
60,AOT (60).png,attackOnTitan_fotos,106.93027391975309,68.48775082650715,0.0,255.0,30787
61,AOT (61).png,attackOnTitan_fotos,160.9068364197531,53.66699570133866,0.0,255.0,33034
62,AOT (62).png,attackOnTitan_fotos,114.26980227623457,67.27258633243703,0.0,255.0,30170
63,AOT (63).png,attackOnTitan_fotos,25.774522087191357,31.49555271993884,0.0,255.0,23252
64,AOT (64).png,attackOnTitan_fotos,199.54739824459878,20.432599337209208,0.0,253.0,14413
65,AOT (65).png,attackOnTitan_fotos,196.99485628858025,55.05350637696672,0.0,255.0,92621
66,AOT (66).png,attackOnTitan_fotos,59.480665991512346,61.05847905907782,0.0,255.0,116309
67,AOT (67).png,attackOnTitan_fotos,84.09041473765433,45.549475514633954,12.0,255.0,13794
68,AOT (68).png,attackOnTitan_fotos,156.6165557484568,92.34252179167223,3.0,255.0,62792
69,AOT (69).png,attackOnTitan_fotos,110.96819010416667,26.06252182315698,10.0,211.0,47262
70,AOT (70).png,attackOnTitan_fotos,38.96306664737654,23.899767674548045,3.0,204.0,215
71,AOT (71).png,attackOnTitan_fotos,103.96404996141976,68.72314955497325,0.0,255.0,12394
72,AOT (72).png,attackOnTitan_fotos,57.84461902006173,36.12449649462634,0.0,241.0,4172
73,AOT (73).png,attackOnTitan_fotos,87.93005063657408,55.270704613838305,4.0,236.0,9069
74,AOT (74).png,attackOnTitan_fotos,128.44706548996913,83.23074489083172,1.0,255.0,6900
75,AOT (75).png,attackOnTitan_fotos,94.76894000771605,51.96215986324491,0.0,247.0,22087
76,AOT (76).png,attackOnTitan_fotos,124.60529079861111,62.41013713248487,3.0,255.0,15147
77,AOT (77).png,attackOnTitan_fotos,37.73827739197531,29.575254741426594,0.0,255.0,7837
78,AOT (78).png,attackOnTitan_fotos,70.09844714506173,41.983725668028455,1.0,253.0,23600
79,AOT (79).png,attackOnTitan_fotos,68.82288483796296,73.37755321742588,0.0,255.0,4775
80,AOT (80).png,attackOnTitan_fotos,124.0078091242284,60.39691299254582,0.0,255.0,16946
81,AOT (81).png,attackOnTitan_fotos,180.7785590277778,29.812042005553415,100.0,235.0,385
82,AOT (82).png,attackOnTitan_fotos,128.7922198109568,68.99136645265786,13.0,255.0,31430
83,AOT (83).png,attackOnTitan_fotos,13.562462866512346,22.786510432449866,0.0,255.0,1930
84,AOT (84).png,attackOnTitan_fotos,85.14027777777778,60.782382249284595,0.0,254.0,970
85,AOT (85).png,attackOnTitan_fotos,252.25788194444445,3.7057006089319176,221.0,255.0,28
86,AOT (86).png,attackOnTitan_fotos,95.13796778549383,60.017665250877606,0.0,255.0,131404
87,AOT (87).png,attackOnTitan_fotos,119.3749291087963,85.34130418987792,0.0,255.0,29771
88,AOT (88).png,attackOnTitan_fotos,70.23235484182099,38.4475953186127,5.0,217.0,10512
89,AOT (89).png,attackOnTitan_fotos,114.16565489969136,75.9493971374708,0.0,255.0,15027
90,AOT (90).png,attackOnTitan_fotos,128.2447762345679,91.52654431235595,0.0,255.0,17584
91,AOT (91).png,attackOnTitan_fotos,146.230362654321,74.38346573735295,1.0,255.0,7404
92,AOT (92).png,attackOnTitan_fotos,103.02290027006173,73.6285239381181,0.0,255.0,33755
93,AOT (93).png,attackOnTitan_fotos,56.04629243827161,51.20787376941093,0.0,253.0,8488
94,AOT (94).png,attackOnTitan_fotos,145.68257233796297,50.1144886447558,4.0,254.0,12017
95,AOT (95).png,attackOnTitan_fotos,33.71718942901234,52.8636948233123,2.0,255.0,21113
96,AOT (96).png,attackOnTitan_fotos,96.13524884259259,65.75284236096057,0.0,255.0,75957
97,AOT (97).png,attackOnTitan_fotos,137.99796055169753,62.79368030198308,0.0,255.0,37185
98,AOT (98).png,attackOnTitan_fotos,87.36137490354939,59.960396739680235,0.0,255.0,31531
99,AOT (99).png,attackOnTitan_fotos,119.03415027006173,74.62996573838454,0.0,255.0,13501
100,AOT (100).png,attackOnTitan_fotos,24.77759018132716,47.17776506175441,0.0,255.0,5983
1,deathNote (1).png,deathNote_fotos,174.62272231867286,46.88290943554424,0.0,255.0,17751
2,deathNote (2).png,deathNote_fotos,144.5047014853395,75.21087665035468,0.0,255.0,7414
3,deathNote (3).png,deathNote_fotos,114.88644579475309,52.80781000362731,0.0,235.0,5790
4,deathNote (4).png,deathNote_fotos,72.68510706018519,59.12617302719937,0.0,255.0,8009
5,deathNote (5).png,deathNote_fotos,88.61525318287038,78.25656735742051,0.0,255.0,15603
6,deathNote (6).png,deathNote_fotos,88.96390142746914,76.48102855302655,0.0,255.0,13958
7,deathNote (7).png,deathNote_fotos,99.71898292824075,75.29538199232843,0.0,255.0,11618
8,deathNote (8).png,deathNote_fotos,105.6456500771605,80.82662491482235,0.0,255.0,10600
9,deathNote (9).png,deathNote_fotos,80.43954909336419,63.03534088609467,0.0,253.0,23017
10,deathNote (10).png,deathNote_fotos,84.48841676311729,65.20959619599459,0.0,255.0,4545
11,deathNote (11).png,deathNote_fotos,101.79049189814815,84.3868968068511,0.0,255.0,8434
12,deathNote (12).png,deathNote_fotos,65.42303192515432,70.4883120887149,0.0,255.0,22167
13,deathNote (13).png,deathNote_fotos,43.46026572145062,50.25554074013843,0.0,248.0,3530
14,deathNote (14).png,deathNote_fotos,94.70445216049383,72.63099864896647,0.0,255.0,10205
15,deathNote (15).png,deathNote_fotos,48.16536554783951,38.54180570434703,0.0,248.0,3053
16,deathNote (16).png,deathNote_fotos,16.039234664351852,13.996876080753564,0.0,155.0,0
17,deathNote (17).png,deathNote_fotos,21.398886477623456,22.612871527806057,0.0,230.0,1117
18,deathNote (18).png,deathNote_fotos,20.41183159722222,26.609349520927555,0.0,208.0,117
19,deathNote (19).png,deathNote_fotos,27.834094328703703,31.939604802468384,0.0,165.0,1412
20,deathNote (20).png,deathNote_fotos,93.0060368441358,71.93268878656093,0.0,255.0,1948
21,deathNote (21).png,deathNote_fotos,26.77087432484568,25.42166403090363,0.0,207.0,1100
22,deathNote (22).png,deathNote_fotos,107.84351514274691,65.01470810007106,0.0,255.0,3674
23,deathNote (23).png,deathNote_fotos,64.05784915123456,53.409820626504,0.0,240.0,3156
24,deathNote (24).png,deathNote_fotos,100.74809895833333,57.140526724226106,0.0,254.0,6809
25,deathNote (25).png,deathNote_fotos,150.68026813271607,90.12811948551906,0.0,255.0,8060
26,deathNote (26).png,deathNote_fotos,35.780012538580245,45.3565086905284,0.0,244.0,6071
27,deathNote (27).png,deathNote_fotos,48.77890142746914,68.73860302186884,0.0,255.0,35163
28,deathNote (28).png,deathNote_fotos,109.62407600308643,93.00995264022951,0.0,255.0,17109
29,deathNote (29).png,deathNote_fotos,120.13579475308643,76.40686147906698,0.0,255.0,20517
30,deathNote (30).png,deathNote_fotos,104.53902150848765,84.68776924292835,0.0,255.0,21730
31,deathNote (31).png,deathNote_fotos,92.23110966435185,89.61922425016802,0.0,255.0,10649
32,deathNote (32).png,deathNote_fotos,88.43038580246913,88.69890251417988,0.0,255.0,10744
33,deathNote (33).png,deathNote_fotos,85.28207995756173,88.24573568268994,0.0,255.0,11398
34,deathNote (34).png,deathNote_fotos,86.24508198302469,96.1598654863155,0.0,255.0,11997
35,deathNote (35).png,deathNote_fotos,39.42767361111111,50.620109611651685,0.0,143.0,17384
36,deathNote (36).png,deathNote_fotos,57.15642312885802,60.55461420072323,0.0,253.0,34095
37,deathNote (37).png,deathNote_fotos,18.476860050154322,45.14673513898195,0.0,237.0,40255
38,deathNote (38).png,deathNote_fotos,33.78179832175926,61.031600551064365,0.0,255.0,77315
39,deathNote (39).png,deathNote_fotos,6.699623360339507,30.965656302240923,0.0,217.0,10539
40,deathNote (40).png,deathNote_fotos,148.2419738618827,54.551210662477395,0.0,255.0,5837
41,deathNote (41).png,deathNote_fotos,56.15698302469136,75.80795876500697,0.0,255.0,15514
42,deathNote (42).png,deathNote_fotos,117.42880787037038,42.34529250603212,0.0,251.0,2282
43,deathNote (43).png,deathNote_fotos,108.7025819830247,49.08605323698664,0.0,252.0,2672
44,deathNote (44).png,deathNote_fotos,109.66041087962964,71.66213244986317,0.0,255.0,40227
45,deathNote (45).png,deathNote_fotos,118.77381799768519,73.91721708280063,0.0,251.0,47722
46,deathNote (46).png,deathNote_fotos,39.90269820601852,28.033339000840453,0.0,196.0,1484
47,deathNote (47).png,deathNote_fotos,96.74959104938272,64.04339368670215,0.0,247.0,12894
48,deathNote (48).png,deathNote_fotos,102.2255999228395,67.42645058256046,0.0,242.0,69372
49,deathNote (49).png,deathNote_fotos,68.54280285493827,59.05418042272855,0.0,235.0,8159
50,deathNote (50).png,deathNote_fotos,120.69061101466049,56.157755858116296,0.0,253.0,6117
51,deathNote (51).png,deathNote_fotos,96.61586709104938,62.88200584979582,0.0,219.0,7390
52,deathNote (52).png,deathNote_fotos,180.66190297067902,70.79998350125793,0.0,255.0,6431
53,deathNote (53).png,deathNote_fotos,72.1910122492284,60.08063060703771,0.0,255.0,8109
54,deathNote (54).png,deathNote_fotos,71.80923418209876,70.77037067680915,0.0,255.0,12043
55,deathNote (55).png,deathNote_fotos,94.1399430941358,45.18566258491185,0.0,247.0,7684
56,deathNote (56).png,deathNote_fotos,44.3813565779321,36.205962911103335,0.0,178.0,2502
57,deathNote (57).png,deathNote_fotos,51.24488811728395,35.82347043295693,0.0,255.0,4005
58,deathNote (58).png,deathNote_fotos,84.10392602237654,48.374329311345086,0.0,255.0,2965
59,deathNote (59).png,deathNote_fotos,99.98234953703704,60.84668805559277,0.0,255.0,7798
60,deathNote (60).png,deathNote_fotos,67.85678192515432,45.414227681100634,0.0,230.0,5583
61,deathNote (61).png,deathNote_fotos,244.17315441743827,22.49974326185568,0.0,255.0,8317
62,deathNote (62).png,deathNote_fotos,145.07216145833334,64.47151487907381,0.0,255.0,11890
63,deathNote (63).png,deathNote_fotos,238.3509519675926,22.38962681356472,0.0,255.0,9144
64,deathNote (64).png,deathNote_fotos,75.68092062114198,39.416535720131165,0.0,246.0,4051
65,deathNote (65).png,deathNote_fotos,109.11958285108025,90.11484557355969,0.0,255.0,15541
66,deathNote (66).png,deathNote_fotos,97.63681182484568,92.80592932389173,0.0,255.0,21850
67,deathNote (67).png,deathNote_fotos,85.38047116126543,92.77543858333668,0.0,255.0,29361
68,deathNote (68).png,deathNote_fotos,81.69981288580247,91.05444429765016,0.0,255.0,28523
69,deathNote (69).png,deathNote_fotos,85.88788483796297,92.26968941166771,0.0,255.0,26675
70,deathNote (70).png,deathNote_fotos,90.0715663580247,92.5218458821902,0.0,255.0,23030
71,deathNote (71).png,deathNote_fotos,90.15281442901235,92.36912077522913,0.0,255.0,25533
72,deathNote (72).png,deathNote_fotos,8.634365354938272,33.071353551023016,0.0,245.0,40511
73,deathNote (73).png,deathNote_fotos,126.35209008487655,58.90732931249796,0.0,232.0,242648
74,deathNote (74).png,deathNote_fotos,139.53385609567903,91.86773239912236,0.0,255.0,20289
75,deathNote (75).png,deathNote_fotos,136.8787244405864,93.29475800200696,0.0,255.0,18331
76,deathNote (76).png,deathNote_fotos,43.64664496527778,71.57745890530467,0.0,255.0,17303
77,deathNote (77).png,deathNote_fotos,57.660084394290124,84.91583378308319,0.0,255.0,16905
78,deathNote (78).png,deathNote_fotos,94.37561728395062,88.19335065269318,0.0,255.0,14075
79,deathNote (79).png,deathNote_fotos,99.01832947530865,89.54511986250746,0.0,255.0,20458
80,deathNote (80).png,deathNote_fotos,51.61282841435185,69.28942172119238,0.0,255.0,21936
81,deathNote (81).png,deathNote_fotos,44.65788580246914,59.76145367393205,0.0,255.0,21502
82,deathNote (82).png,deathNote_fotos,51.79879292052469,67.04507318035964,0.0,255.0,10173
83,deathNote (83).png,deathNote_fotos,249.00212432484568,23.37415726061322,0.0,255.0,9048
84,deathNote (84).png,deathNote_fotos,118.5459592013889,77.46211737801549,0.0,255.0,120399
85,deathNote (85).png,deathNote_fotos,180.8975925925926,63.76128164209579,0.0,255.0,13628
86,deathNote (86).png,deathNote_fotos,119.21688368055555,51.70178159550855,0.0,238.0,5620
87,deathNote (87).png,deathNote_fotos,141.87776861496914,82.35806942445056,0.0,255.0,8468
88,deathNote (88).png,deathNote_fotos,55.45263213734568,34.87143535862515,0.0,227.0,3159
89,deathNote (89).png,deathNote_fotos,178.37327642746914,57.25878032709621,0.0,255.0,7971
90,deathNote (90).png,deathNote_fotos,37.72295428240741,33.803991922534216,0.0,236.0,2704
91,deathNote (91).png,deathNote_fotos,138.33434413580247,52.330683404781844,0.0,255.0,9308
92,deathNote (92).png,deathNote_fotos,73.86456018518518,47.12670250428024,0.0,226.0,1671
93,deathNote (93).png,deathNote_fotos,52.29048080632716,43.08563755625278,0.0,186.0,0
94,deathNote (94).png,deathNote_fotos,70.6191160300926,41.080039405620845,0.0,208.0,1721
95,deathNote (95).png,deathNote_fotos,82.48551649305556,38.16771000601197,0.0,189.0,3063
96,deathNote (96).png,deathNote_fotos,81.05200858410494,37.36949778168249,0.0,195.0,2567
97,deathNote (97).png,deathNote_fotos,79.79361014660493,36.08359879653898,0.0,160.0,2293
98,deathNote (98).png,deathNote_fotos,52.63624324845679,50.09192332016262,0.0,227.0,14146
99,deathNote (99).png,deathNote_fotos,169.6103448109568,65.04028729783596,0.0,255.0,37373
100,deathNote (100).png,deathNote_fotos,10.394995659722223,6.122113701317231,0.0,29.0,0
1,Evangel (1).png,Evangelion,16.027204378858023,12.166594494446493,1.0,106.0,113
2,Evangel (2).png,Evangelion,37.01272569444445,18.564319472110064,0.0,81.0,0
3,Evangel (3).png,Evangelion,55.723941936728394,67.7596172625526,0.0,254.0,13667
4,Evangel (4).png,Evangelion,70.0970490933642,52.858397274184775,0.0,219.0,11430
5,Evangel (5).png,Evangelion,94.58085407021605,79.97134262621064,0.0,255.0,15350
6,Evangel (6).png,Evangelion,30.071995563271606,58.280702727970166,0.0,238.0,9843
7,Evangel (7).png,Evangelion,35.72577015817901,63.26340711382013,0.0,247.0,10754
8,Evangel (8).png,Evangelion,19.36416521990741,31.60662338641874,0.0,141.0,33913
9,Evangel (9).png,Evangelion,43.11503472222223,52.96641346078178,0.0,181.0,5474
10,Evangel (10).png,Evangelion,20.746403356481483,48.35778715769253,0.0,255.0,15303
11,Evangel (11).png,Evangelion,30.975038097993828,22.785662771265283,0.0,141.0,6731
12,Evangel (12).png,Evangelion,115.46078848379629,89.18961867587532,0.0,255.0,70945
13,Evangel (13).png,Evangelion,38.66978298611111,41.83661634430305,0.0,246.0,46755
14,Evangel (14).png,Evangelion,33.09824701003087,41.30452070378013,0.0,229.0,34131
15,Evangel (15).png,Evangelion,113.57404899691359,75.62598913342975,0.0,237.0,67127
16,Evangel (16).png,Evangelion,109.20415027006173,72.94218709445504,0.0,233.0,78855
17,Evangel (17).png,Evangelion,66.41173948688272,66.45449757748732,0.0,255.0,24338
18,Evangel (18).png,Evangelion,163.39088252314815,54.62009074943535,0.0,244.0,41988
19,Evangel (19).png,Evangelion,57.12980034722222,70.15702954252676,0.0,232.0,14347
20,Evangel (20).png,Evangelion,114.81918499228395,89.30184293189751,0.0,252.0,151061
21,Evangel (21).png,Evangelion,65.27836709104939,57.59900418226738,0.0,208.0,46902
22,Evangel (22).png,Evangelion,84.3572159529321,87.00762547546901,0.0,228.0,26620
23,Evangel (23).png,Evangelion,86.26372010030865,80.17389370247326,0.0,255.0,21295
24,Evangel (24).png,Evangelion,100.5418152006173,78.22137362638331,1.0,230.0,14808
25,Evangel (25).png,Evangelion,63.26154272762346,36.049394758766574,0.0,230.0,10883
26,Evangel (26).png,Evangelion,178.4737176890432,53.98538980791336,5.0,248.0,49304
27,Evangel (27).png,Evangelion,58.76687307098766,66.74708079734786,0.0,255.0,76613
28,Evangel (28).png,Evangelion,83.04714699074074,44.989832724442316,12.0,252.0,4066
29,Evangel (29).png,Evangelion,148.2615162037037,63.88814076778568,2.0,234.0,16509
30,Evangel (30).png,Evangelion,76.15624855324074,68.51172866853662,0.0,247.0,10223
31,Evangel (31).png,Evangelion,114.03267988040123,55.394007639743215,0.0,229.0,78632
32,Evangel (32).png,Evangelion,159.50442949459878,73.48822154129472,1.0,236.0,4659
33,Evangel (33).png,Evangelion,100.28270254629629,61.06400094023451,1.0,254.0,29651
34,Evangel (34).png,Evangelion,121.14404658564816,20.97362020502836,7.0,175.0,17184
35,Evangel (35).png,Evangelion,107.41962480709877,40.693596420511476,3.0,228.0,49316
36,Evangel (36).png,Evangelion,81.09824652777777,62.491440744254085,0.0,255.0,61066
37,Evangel (37).png,Evangelion,83.66728202160495,63.9149847364653,0.0,255.0,33295
38,Evangel (38).png,Evangelion,32.25333236882716,38.850010575885285,0.0,207.0,41061
39,Evangel (39).png,Evangelion,36.46874807098766,40.42768112342767,0.0,251.0,14579
40,Evangel (40).png,Evangelion,47.948393614969135,34.2579888160196,0.0,219.0,15157
41,Evangel (41).png,Evangelion,60.23160686728395,57.67760064001687,0.0,255.0,123506
42,Evangel (42).png,Evangelion,121.84182436342593,78.40117137568723,0.0,198.0,10503
43,Evangel (43).png,Evangelion,40.51253472222222,53.50917450737757,0.0,223.0,55754
44,Evangel (44).png,Evangelion,98.90721884645062,65.17955982271596,3.0,244.0,12766
45,Evangel (45).png,Evangelion,89.72295331790124,77.2866285829127,0.0,228.0,25482
46,Evangel (46).png,Evangelion,84.83007426697532,64.21567417879797,0.0,236.0,66245
47,Evangel (47).png,Evangelion,29.35040653935185,29.102825141386386,0.0,114.0,2665
48,Evangel (48).png,Evangelion,100.94506606867284,71.76719209915048,0.0,255.0,16288
49,Evangel (49).png,Evangelion,79.76405623070988,62.20959916911804,0.0,255.0,42045
50,Evangel (50).png,Evangelion,91.78186246141975,84.07294893481524,0.0,255.0,78488
51,Evangel (51).png,Evangelion,34.260329378858025,33.94655786132447,0.0,253.0,62140
52,Evangel (52).png,Evangelion,6.887703510802469,22.55917286419019,0.0,197.0,2186
53,Evangel (53).png,Evangelion,68.36445264274691,39.661339290079056,0.0,214.0,107487
54,Evangel (54).png,Evangelion,47.06762152777778,50.9529805781577,0.0,228.0,34904
55,Evangel (55).png,Evangelion,57.85075617283951,30.558057056808323,0.0,158.0,39
56,Evangel (56).png,Evangelion,12.216327160493828,34.292043425513256,0.0,255.0,23154
57,Evangel (57).png,Evangelion,17.890312982253086,30.92451712730126,0.0,251.0,6703
58,Evangel (58).png,Evangelion,46.70529176311729,55.09317591826716,0.0,228.0,64264
59,Evangel (59).png,Evangelion,29.061555266203705,35.38092562065114,0.0,145.0,15425
60,Evangel (60).png,Evangelion,49.747021604938276,56.102775704473366,0.0,205.0,55661
61,Evangel (61).png,Evangelion,76.5902980324074,64.4834541311336,0.0,171.0,25163
62,Evangel (62).png,Evangelion,47.7404972029321,57.263956721600046,0.0,214.0,64774
63,Evangel (63).png,Evangelion,69.14062644675926,49.30304627763045,0.0,154.0,5787
64,Evangel (64).png,Evangelion,54.28058063271605,56.82839382665584,0.0,251.0,173364
65,Evangel (65).png,Evangelion,50.71001012731482,62.74741616702954,0.0,253.0,54945
66,Evangel (66).png,Evangelion,82.98812307098765,55.41512441939433,0.0,240.0,3738
67,Evangel (67).png,Evangelion,13.033384934413581,14.566918669773726,0.0,106.0,1974
68,Evangel (68).png,Evangelion,73.08866946373458,61.248340230838316,0.0,254.0,79616
69,Evangel (69).png,Evangelion,115.28864872685186,60.872232393031624,2.0,216.0,17580
70,Evangel (70).png,Evangelion,75.2441232638889,78.20602088111463,0.0,229.0,27497
71,Evangel (71).png,Evangelion,40.61143663194444,26.273819749964115,0.0,250.0,4698
72,Evangel (72).png,Evangelion,96.61548562885802,37.36699978466949,4.0,248.0,17384
73,Evangel (73).png,Evangelion,55.94850356867284,61.94051213717774,0.0,254.0,77940
74,Evangel (74).png,Evangelion,49.24795862268519,46.90882867219355,0.0,255.0,23090
75,Evangel (75).png,Evangelion,131.8302136381173,59.90211607340783,1.0,255.0,15438
76,Evangel (76).png,Evangelion,197.39644579475308,38.92216114980427,34.0,252.0,46398
77,Evangel (77).png,Evangelion,67.69781346450617,70.91860354208545,0.0,255.0,28368
78,Evangel (78).png,Evangelion,90.44115933641976,68.4081968056962,0.0,251.0,53645
79,Evangel (79).png,Evangelion,71.6322868441358,43.8457785832751,1.0,241.0,26974
80,Evangel (80).png,Evangelion,48.93166811342593,49.60155490566404,0.0,217.0,43521
81,Evangel (81).png,Evangelion,43.226459297839504,41.9593287372052,0.0,252.0,48593
82,Evangel (82).png,Evangelion,105.3122907021605,79.66913143766054,0.0,231.0,35213
83,Evangel (83).png,Evangelion,172.27316792052468,44.45159818452361,10.0,251.0,3680
84,Evangel (84).png,Evangelion,91.5242221257716,67.56062086742786,0.0,246.0,12468
85,Evangel (85).png,Evangelion,58.16934076003086,29.588032130741663,1.0,213.0,18376
86,Evangel (86).png,Evangelion,81.6967717978395,91.80175514277906,0.0,245.0,27569
87,Evangel (87).png,Evangelion,33.74524932484568,49.78217317437144,0.0,240.0,40264
88,Evangel (88).png,Evangelion,32.86368875385803,47.694282177662316,0.0,199.0,91186
89,Evangel (89).png,Evangelion,102.50875144675926,63.212780250455886,2.0,232.0,9738
90,Evangel (90).png,Evangelion,25.200473572530864,38.928604637656726,0.0,254.0,23321
91,Evangel (91).png,Evangelion,115.69154224537037,62.26571142983105,1.0,216.0,9523
92,Evangel (92).png,Evangelion,3.345090663580247,14.759677100302907,0.0,194.0,8745
93,Evangel (93).png,Evangelion,100.74887924382716,67.01042904639219,3.0,223.0,114325
94,Evangel (94).png,Evangelion,74.80835503472223,78.06635710852473,0.0,251.0,2019
95,Evangel (95).png,Evangelion,76.37215422453704,82.00817887486147,0.0,246.0,91976
96,Evangel (96).png,Evangelion,107.02706548996913,64.3750039254595,0.0,235.0,14594
97,Evangel (97).png,Evangelion,103.21718123070988,64.05493373748179,0.0,232.0,15499
98,Evangel (98).png,Evangelion,100.98194589120371,71.9279433333826,6.0,255.0,27704
99,Evangel (99).png,Evangelion,68.90244598765432,64.8551047584545,0.0,233.0,52548
100,Evangel (100).png,Evangelion,42.40992621527778,72.59317070370119,0.0,253.0,41301
1,KNY (1).png,KimetsuNoYaiba,49.7374787808642,57.55988037471481,0.0,249.0,20523
2,KNY (2).png,KimetsuNoYaiba,59.2898403742284,46.14604193355976,0.0,255.0,23868
3,KNY (3).png,KimetsuNoYaiba,42.38645640432099,48.168123940902454,3.0,246.0,30906
4,KNY (4).png,KimetsuNoYaiba,31.06873553240741,36.552621377860866,0.0,255.0,116687
5,KNY (5).png,KimetsuNoYaiba,73.83478925540123,56.69236801811766,0.0,255.0,120113
6,KNY (6).png,KimetsuNoYaiba,50.62838927469136,46.69800644081069,0.0,255.0,107633
7,KNY (7).png,KimetsuNoYaiba,146.9447304205247,51.679673125432146,0.0,254.0,75349
8,KNY (8).png,KimetsuNoYaiba,108.35297646604938,76.71591995933443,0.0,255.0,89285
9,KNY (9).png,KimetsuNoYaiba,71.39122202932099,58.23467062134244,6.0,255.0,51603
10,KNY (10).png,KimetsuNoYaiba,72.42563609182099,77.00297656199602,0.0,255.0,42593
11,KNY (11).png,KimetsuNoYaiba,89.7464313271605,65.51096692182992,0.0,255.0,58298
12,KNY (12).png,KimetsuNoYaiba,157.79012586805555,56.39972519556287,15.0,255.0,162097
13,KNY (13).png,KimetsuNoYaiba,149.7640837191358,87.81489359216098,0.0,255.0,22530
14,KNY (14).png,KimetsuNoYaiba,126.58918161651235,45.9571966041257,1.0,251.0,54564
15,KNY (15).png,KimetsuNoYaiba,24.783545042438273,23.218649889915042,1.0,224.0,15615
16,KNY (16).png,KimetsuNoYaiba,67.87211564429012,50.39012848233068,1.0,227.0,40868
17,KNY (17).png,KimetsuNoYaiba,102.74005594135802,62.11598399965445,0.0,249.0,99423
18,KNY (18).png,KimetsuNoYaiba,42.447571855709874,37.63577020619416,0.0,252.0,27465
19,KNY (19).png,KimetsuNoYaiba,103.85712191358024,62.55270753313464,0.0,229.0,66796
20,KNY (20).png,KimetsuNoYaiba,98.26707658179012,60.4351048825072,0.0,249.0,105969
21,KNY (21).png,KimetsuNoYaiba,37.68064911265432,21.685918974177195,0.0,215.0,12669
22,KNY (22).png,KimetsuNoYaiba,98.08241174768519,107.45636986895744,0.0,255.0,101147
23,KNY (23).png,KimetsuNoYaiba,52.04795862268519,24.32493326419831,0.0,239.0,19797
24,KNY (24).png,KimetsuNoYaiba,90.78577498070987,60.43706824521742,0.0,248.0,65022
25,KNY (25).png,KimetsuNoYaiba,22.752074170524693,29.22960204477453,0.0,249.0,48217
26,KNY (26).png,KimetsuNoYaiba,79.17181712962963,43.42054298088796,3.0,229.0,68715
27,KNY (27).png,KimetsuNoYaiba,180.55532166280864,64.55017296753452,0.0,255.0,7900
28,KNY (28).png,KimetsuNoYaiba,48.04074604552469,41.64579487847397,4.0,203.0,34755
29,KNY (29).png,KimetsuNoYaiba,79.40753182870371,68.59396099748159,0.0,254.0,51558
30,KNY (30).png,KimetsuNoYaiba,30.387489390432098,18.973142911329226,0.0,238.0,55199
31,KNY (31).png,KimetsuNoYaiba,35.65800009645062,17.737395522893735,1.0,185.0,22101
32,KNY (32).png,KimetsuNoYaiba,72.83328703703704,55.006701945047695,0.0,255.0,53376
33,KNY (33).png,KimetsuNoYaiba,65.06129340277778,54.84092166184507,0.0,254.0,60979
34,KNY (34).png,KimetsuNoYaiba,56.40301890432099,42.99831782964802,0.0,253.0,78536
35,KNY (35).png,KimetsuNoYaiba,78.6753978587963,62.251827975454454,8.0,254.0,33085
36,KNY (36).png,KimetsuNoYaiba,52.76409239969136,57.17862136430569,0.0,255.0,43220
37,KNY (37).png,KimetsuNoYaiba,117.18936390817902,58.07028034798667,1.0,248.0,37358
38,KNY (38).png,KimetsuNoYaiba,80.4963922646605,78.83600829691363,0.0,255.0,100187
39,KNY (39).png,KimetsuNoYaiba,142.46200086805555,62.44702978264055,1.0,245.0,42641
40,KNY (40).png,KimetsuNoYaiba,71.39820746527778,69.76585158254424,0.0,253.0,33653
41,KNY (41).png,KimetsuNoYaiba,97.92686342592593,81.40591116075936,0.0,255.0,28417
42,KNY (42).png,KimetsuNoYaiba,168.29463252314815,83.47193981701388,0.0,255.0,26044
43,KNY (43).png,KimetsuNoYaiba,87.90278163580247,72.11706952983562,0.0,255.0,171769
44,KNY (44).png,KimetsuNoYaiba,50.6395278742284,49.59338026079135,0.0,239.0,57265
45,KNY (45).png,KimetsuNoYaiba,48.243733603395064,50.334777387106705,0.0,252.0,12882
46,KNY (46).png,KimetsuNoYaiba,130.1570163001543,62.71179069549565,0.0,254.0,63041
47,KNY (47).png,KimetsuNoYaiba,40.67654803240741,39.8546325281746,1.0,254.0,77185
48,KNY (48).png,KimetsuNoYaiba,23.467811535493826,47.45127148234957,0.0,254.0,91493
49,KNY (49).png,KimetsuNoYaiba,42.23032455632716,48.615663307497094,0.0,255.0,30542
50,KNY (50).png,KimetsuNoYaiba,43.9418928433642,42.24203170628586,1.0,246.0,38218
51,KNY (51).png,KimetsuNoYaiba,39.292402102623456,58.7277086777522,0.0,255.0,59431
52,KNY (52).png,KimetsuNoYaiba,93.19345920138889,75.68165272103637,0.0,250.0,38085
53,KNY (53).png,KimetsuNoYaiba,72.5575217013889,77.41367599705704,0.0,255.0,43085
54,KNY (54).png,KimetsuNoYaiba,27.07550636574074,27.435474822335486,0.0,183.0,15327
55,KNY (55).png,KimetsuNoYaiba,42.76845003858025,51.74415271739391,2.0,251.0,14644
56,KNY (56).png,KimetsuNoYaiba,52.33577015817902,43.68805874227674,0.0,245.0,40142
57,KNY (57).png,KimetsuNoYaiba,34.28328510802469,31.528665986187224,0.0,254.0,49026
58,KNY (58).png,KimetsuNoYaiba,65.65760416666667,67.10016926881407,0.0,252.0,66715
59,KNY (59).png,KimetsuNoYaiba,47.82378375771605,40.51032525984562,0.0,247.0,86304
60,KNY (60).png,KimetsuNoYaiba,82.54425298996914,56.07885852496466,3.0,255.0,75653
61,KNY (61).png,KimetsuNoYaiba,74.0182986111111,57.84035103948375,0.0,255.0,84099
62,KNY (62).png,KimetsuNoYaiba,40.12878279320988,28.655043631524627,0.0,246.0,33474
63,KNY (63).png,KimetsuNoYaiba,48.75899305555556,44.54889222381157,0.0,234.0,19857
64,KNY (64).png,KimetsuNoYaiba,93.51485243055556,57.98453098551848,1.0,229.0,50747
65,KNY (65).png,KimetsuNoYaiba,62.219646508487656,55.69451650825247,0.0,248.0,43704
66,KNY (66).png,KimetsuNoYaiba,37.40394627700617,24.96475513580979,0.0,243.0,21357
67,KNY (67).png,KimetsuNoYaiba,74.25194396219136,46.179002123329035,0.0,255.0,42337
68,KNY (68).png,KimetsuNoYaiba,93.40444974922839,53.9023640008443,0.0,255.0,113620
69,KNY (69).png,KimetsuNoYaiba,104.55169897762346,74.66814121534844,0.0,252.0,219554
70,KNY (70).png,KimetsuNoYaiba,104.9938247492284,63.791268784615035,0.0,251.0,168409
71,KNY (71).png,KimetsuNoYaiba,25.741320408950617,30.846098277218413,0.0,251.0,50557
72,KNY (72).png,KimetsuNoYaiba,62.157928240740745,66.72995633566431,0.0,243.0,22045
73,KNY (73).png,KimetsuNoYaiba,41.41491801697531,49.80295745670383,0.0,254.0,52451
74,KNY (74).png,KimetsuNoYaiba,42.08653115354938,43.847715065094114,0.0,241.0,71714
75,KNY (75).png,KimetsuNoYaiba,125.0306143904321,65.76290828692703,8.0,245.0,26232
76,KNY (76).png,KimetsuNoYaiba,58.28228539737655,63.0008093306452,0.0,242.0,28223
77,KNY (77).png,KimetsuNoYaiba,35.602344714506174,23.599867402506607,0.0,250.0,41953
78,KNY (78).png,KimetsuNoYaiba,47.97085165895062,42.94773147668035,0.0,254.0,25851
79,KNY (79).png,KimetsuNoYaiba,71.2848722029321,56.40977869701909,4.0,240.0,31769
80,KNY (80).png,KimetsuNoYaiba,73.02418595679012,78.97926908090112,0.0,255.0,54790
81,KNY (81).png,KimetsuNoYaiba,81.97988763503086,75.18912590159164,0.0,255.0,85778
82,KNY (82).png,KimetsuNoYaiba,65.52848765432098,48.934504934015564,0.0,251.0,121723
83,KNY (83).png,KimetsuNoYaiba,57.72340422453704,45.128654073488136,3.0,249.0,33994
84,KNY (84).png,KimetsuNoYaiba,20.966102912808644,48.232733651430074,0.0,252.0,16292
85,KNY (85).png,KimetsuNoYaiba,56.711437596450615,51.29663632924947,0.0,253.0,65273
86,KNY (86).png,KimetsuNoYaiba,59.41676070601852,46.83908395893234,0.0,255.0,33035
87,KNY (87).png,KimetsuNoYaiba,72.6063425925926,71.34767953135669,0.0,255.0,27966
88,KNY (88).png,KimetsuNoYaiba,68.05904176311729,51.65446185081414,1.0,254.0,112757
89,KNY (89).png,KimetsuNoYaiba,42.53790461033951,45.34737610965643,0.0,251.0,25542
90,KNY (90).png,KimetsuNoYaiba,82.09061873070988,79.90785478970196,0.0,254.0,65530
91,KNY (91).png,KimetsuNoYaiba,42.08387876157408,24.307864908971997,0.0,255.0,27941
92,KNY (92).png,KimetsuNoYaiba,70.48962094907408,62.60586458773961,0.0,255.0,65695
93,KNY (93).png,KimetsuNoYaiba,48.821553819444446,46.44792533241882,0.0,212.0,24039
94,KNY (94).png,KimetsuNoYaiba,58.73057822145062,47.746864122468516,0.0,254.0,49583
95,KNY (95).png,KimetsuNoYaiba,50.89233410493827,53.207551288804105,2.0,249.0,47905
96,KNY (96).png,KimetsuNoYaiba,71.5513319830247,65.84386661266116,1.0,255.0,96513
97,KNY (97).png,KimetsuNoYaiba,85.73923852237654,57.593720334682295,0.0,255.0,87832
98,KNY (98).png,KimetsuNoYaiba,99.36394241898148,56.33645671528159,7.0,255.0,25580
99,KNY (99).png,KimetsuNoYaiba,75.70452787422839,52.45749179251651,0.0,240.0,139023
100,KNY (100).png,KimetsuNoYaiba,82.32785976080247,44.73200490691959,6.0,232.0,68577
1,LOTR (1).png,LOTR,22.252406442901236,29.106066749396042,0.0,206.0,21465
2,LOTR (2).png,LOTR,23.740488040123456,30.892947050458528,0.0,200.0,25612
3,LOTR (3).png,LOTR,17.57396460262346,19.60900680974738,0.0,180.0,24338
4,LOTR (4).png,LOTR,63.34329668209877,53.30006207228716,0.0,202.0,18640
5,LOTR (5).png,LOTR,41.04868537808642,51.413184126577335,0.0,208.0,36446
6,LOTR (6).png,LOTR,43.965387731481485,46.63083363970421,0.0,224.0,98549
7,LOTR (7).png,LOTR,19.168731674382716,30.49082138871434,0.0,215.0,5122
8,LOTR (8).png,LOTR,42.41815200617284,50.52291196925843,0.0,221.0,41076
9,LOTR (9).png,LOTR,64.91327932098766,70.33887878822298,0.0,226.0,5125
10,LOTR (10).png,LOTR,50.980658275462964,48.6856175905805,0.0,224.0,12635
11,LOTR (11).png,LOTR,68.20451581790124,63.97328008075739,0.0,214.0,8719
12,LOTR (12).png,LOTR,65.80405815972222,62.40568305847694,0.0,214.0,10564
13,LOTR (13).png,LOTR,37.37783179012346,46.648583701832024,0.0,233.0,36529
14,LOTR (14).png,LOTR,65.7061757330247,52.24123279177233,0.0,237.0,116678
15,LOTR (15).png,LOTR,82.93798562885803,72.40273280601174,0.0,216.0,88228
16,LOTR (16).png,LOTR,49.56203076774691,43.95480920558743,0.0,221.0,33995
17,LOTR (17).png,LOTR,77.67475597993827,62.893459514478366,0.0,215.0,72160
18,LOTR (18).png,LOTR,91.0478766396605,64.99795706202693,0.0,222.0,86915
19,LOTR (19).png,LOTR,90.0797834683642,63.9443226967192,0.0,227.0,43596
20,LOTR (20).png,LOTR,50.45615837191358,41.04208565986063,0.0,197.0,30176
21,LOTR (21).png,LOTR,46.07543643904321,50.88807951946421,0.0,225.0,102409
22,LOTR (22).png,LOTR,55.09142650462963,38.06465653784285,0.0,169.0,237252
23,LOTR (23).png,LOTR,32.3155825617284,33.33042643065808,0.0,173.0,5121
24,LOTR (24).png,LOTR,74.11239872685185,79.75370315581795,0.0,206.0,27860
25,LOTR (25).png,LOTR,55.85837577160494,56.57668783475292,0.0,205.0,31602
26,LOTR (26).png,LOTR,36.15537229938272,32.00580515372314,0.0,182.0,6806
27,LOTR (27).png,LOTR,44.61167293595679,51.01309731655405,0.0,211.0,132479
28,LOTR (28).png,LOTR,22.78678915895062,29.57192415381292,0.0,190.0,15162
29,LOTR (29).png,LOTR,29.35577883873457,34.82348759414551,0.0,196.0,9896
30,LOTR (30).png,LOTR,15.131741415895062,26.255257630547177,0.0,208.0,31886
31,LOTR (31).png,LOTR,13.415013020833333,16.837773050122934,0.0,153.0,5225
32,LOTR (32).png,LOTR,33.6141372492284,33.41110326314995,0.0,183.0,9474
33,LOTR (33).png,LOTR,49.54571518132716,50.69521006094895,0.0,205.0,14522
34,LOTR (34).png,LOTR,13.282418016975308,21.94828715251895,0.0,206.0,6644
35,LOTR (35).png,LOTR,29.73593074845679,38.85782532014555,0.0,174.0,6488
36,LOTR (36).png,LOTR,17.315213638117285,23.588932157261944,0.0,191.0,3700
37,LOTR (37).png,LOTR,47.094820119598765,48.07290211349096,0.0,205.0,7336
38,LOTR (38).png,LOTR,36.06054591049383,35.010619755312185,0.0,221.0,18992
39,LOTR (39).png,LOTR,30.68268325617284,36.28590662201961,0.0,205.0,24905
40,LOTR (40).png,LOTR,32.356806037808646,35.814928694648714,0.0,211.0,7354
41,LOTR (41).png,LOTR,47.43269820601852,49.74055996017906,0.0,205.0,82035
42,LOTR (42).png,LOTR,25.27809702932099,43.701209489512934,0.0,222.0,17865
43,LOTR (43).png,LOTR,17.64065200617284,20.408178483999116,0.0,213.0,9771
44,LOTR (44).png,LOTR,26.169843750000002,20.30185479686963,0.0,193.0,8255
45,LOTR (45).png,LOTR,86.1241473765432,56.126259972438156,0.0,191.0,6543
46,LOTR (46).png,LOTR,24.721861014660494,29.164614565857892,0.0,218.0,9946
47,LOTR (47).png,LOTR,36.976040702160496,41.50072195363264,0.0,190.0,7280
48,LOTR (48).png,LOTR,55.57352912808642,54.629863529947215,0.0,196.0,16486
49,LOTR (49).png,LOTR,70.12533179012345,60.17512686336965,0.0,210.0,58878
50,LOTR (50).png,LOTR,96.0837890625,75.97248077560276,0.0,200.0,28190
51,LOTR (51).png,LOTR,65.93779658564814,66.89001492804421,0.0,219.0,85396
52,LOTR (52).png,LOTR,74.26209587191359,76.4001786341973,0.0,206.0,17589
53,LOTR (53).png,LOTR,58.94861255787037,61.1628226733124,0.0,216.0,31852
54,LOTR (54).png,LOTR,67.39675298996914,62.79727762822477,0.0,214.0,78811
55,LOTR (55).png,LOTR,67.10857301311728,62.998408021102094,0.0,219.0,77928
56,LOTR (56).png,LOTR,53.18729938271605,57.73661531164551,0.0,222.0,53316
57,LOTR (57).png,LOTR,39.56564236111111,36.56156974273192,0.0,219.0,18525
58,LOTR (58).png,LOTR,27.775666473765433,36.427358594548096,0.0,213.0,63441
59,LOTR (59).png,LOTR,22.211053722993828,26.928199993301657,0.0,209.0,7893
60,LOTR (60).png,LOTR,23.688363233024692,28.547726539756905,0.0,167.0,8110
61,LOTR (61).png,LOTR,30.020214602623458,24.16696168067558,0.0,199.0,7118
62,LOTR (62).png,LOTR,70.22501832561728,65.35957591819917,0.0,228.0,95440
63,LOTR (63).png,LOTR,19.926156442901235,34.489951268262175,0.0,201.0,8429
64,LOTR (64).png,LOTR,41.75442370756173,38.02177718844519,0.0,228.0,30812
65,LOTR (65).png,LOTR,32.655057388117285,34.322052298052014,0.0,169.0,12030
66,LOTR (66).png,LOTR,36.456148244598765,29.65677700812513,0.0,206.0,7717
67,LOTR (67).png,LOTR,56.84985001929012,45.6824574980171,0.0,188.0,7883
68,LOTR (68).png,LOTR,24.356005497685185,29.76440856011777,0.0,150.0,3130
69,LOTR (69).png,LOTR,50.65102237654321,36.02208351134004,0.0,149.0,9900
70,LOTR (70).png,LOTR,64.52723765432098,42.13323036387883,0.0,205.0,14475
71,LOTR (71).png,LOTR,23.689211516203706,19.284584746374467,0.0,215.0,11963
72,LOTR (72).png,LOTR,38.86886911651235,31.6453324120383,0.0,188.0,12783
73,LOTR (73).png,LOTR,18.65070987654321,23.044937453657557,0.0,142.0,31056
74,LOTR (74).png,LOTR,39.11795042438272,37.2606356347516,0.0,206.0,24942
75,LOTR (75).png,LOTR,36.30109230324074,40.77268514032702,0.0,196.0,26256
76,LOTR (76).png,LOTR,22.990176022376545,20.51576512986274,0.0,197.0,34107
77,LOTR (77).png,LOTR,35.25567515432099,39.395806275420526,0.0,217.0,14752
78,LOTR (78).png,LOTR,40.34183304398148,44.186795941405606,0.0,225.0,12328
79,LOTR (79).png,LOTR,35.54640383873457,41.01680510432472,0.0,223.0,47260
80,LOTR (80).png,LOTR,76.01279031635802,70.79470756763403,0.0,244.0,116992
81,LOTR (81).png,LOTR,41.214321952160496,47.41506316990812,0.0,232.0,68671
82,LOTR (82).png,LOTR,18.65868103780864,21.606473940964392,0.0,226.0,5420
83,LOTR (83).png,LOTR,58.8449184992284,56.57148944814577,0.0,220.0,26828
84,LOTR (84).png,LOTR,33.22226128472222,44.2420880043231,0.0,236.0,116942
85,LOTR (85).png,LOTR,70.22501832561728,65.35957591819917,0.0,228.0,95440
86,LOTR (86).png,LOTR,41.75442370756173,38.02177718844519,0.0,228.0,30812
87,LOTR (87).png,LOTR,36.456148244598765,29.65677700812513,0.0,206.0,7717
88,LOTR (88).png,LOTR,92.08983603395062,74.77050347628116,0.0,214.0,12900
89,LOTR (89).png,LOTR,77.56904465663581,57.71558155279529,0.0,225.0,30522
90,LOTR (90).png,LOTR,77.56904465663581,57.71558155279529,0.0,225.0,30522
91,LOTR (91).png,LOTR,50.862775366512345,43.0168330905644,0.0,227.0,24682
92,LOTR (92).png,LOTR,70.50706404320988,61.24907184090582,0.0,223.0,19333
93,LOTR (93).png,LOTR,32.15380787037037,32.73907897624926,0.0,192.0,8938
94,LOTR (94).png,LOTR,15.490965952932099,19.19046131143986,0.0,201.0,23605
95,LOTR (95).png,LOTR,97.85449701003087,71.57741768798789,0.0,198.0,9360
96,LOTR (96).png,LOTR,41.27464699074074,44.594667099228026,0.0,213.0,18660
97,LOTR (97).png,LOTR,21.362717496141975,32.68668554038458,0.0,169.0,20300
98,LOTR (98).png,LOTR,39.25273148148148,40.54264354320161,0.0,187.0,8542
99,LOTR (99).png,LOTR,23.7842756558642,25.922913279852526,0.0,199.0,12730
100,LOTR (100).png,LOTR,71.99498890817901,60.75188584992099,0.0,214.0,16768
1,nba (1).png,NBA,175.2751456404321,67.4230976603515,0.0,255.0,60778
2,nba (2).png,NBA,88.520792341821,53.275039682503746,0.0,254.0,20705
3,nba (3).png,NBA,105.49237461419753,48.04115561501112,0.0,255.0,280376
4,nba (4).png,NBA,165.75618778935186,28.81050611978757,0.0,255.0,54078
5,nba (5).png,NBA,62.20623553240741,46.22302469388129,0.0,254.0,82161
6,nba (6).png,NBA,78.40322145061728,48.8990766811645,1.0,253.0,54954
7,nba (7).png,NBA,79.99095244984568,52.288704575518196,0.0,255.0,82389
8,nba (8).png,NBA,133.9695563271605,66.00878251631505,0.0,255.0,209810
9,nba (9).png,NBA,149.5052309992284,62.730954281188986,0.0,255.0,373327
10,nba (10).png,NBA,73.27350067515432,56.332029806515955,0.0,255.0,283449
11,nba (11).png,NBA,32.60921055169753,42.08642839214254,0.0,255.0,118629
12,nba (12).png,NBA,175.2926417824074,34.57146024523424,1.0,229.0,39545
13,nba (13).png,NBA,142.0737712191358,59.13753462952923,0.0,253.0,110088
14,nba (14).png,NBA,147.9248760609568,57.39053159294744,0.0,255.0,243744
15,nba (15).png,NBA,135.74686535493828,62.20106145024096,0.0,255.0,299096
16,nba (16).png,NBA,110.6889028742284,40.14796984361321,4.0,255.0,4528
17,nba (17).png,NBA,42.961105324074076,53.8825378607656,0.0,255.0,102787
18,nba (18).png,NBA,120.91636140046296,91.54250090575859,0.0,255.0,109201
19,nba (19).png,NBA,30.254073591820987,43.22965820275197,0.0,255.0,40340
20,nba (20).png,NBA,144.66146074459877,57.57519816164191,0.0,254.0,78642
21,nba (21).png,NBA,175.75027777777777,62.25650883624021,0.0,255.0,167542
22,nba (22).png,NBA,144.59538580246914,53.54059773149055,0.0,255.0,542563
23,nba (23).png,NBA,145.89874373070987,46.369115529250735,1.0,253.0,93251
24,nba (24).png,NBA,154.45866030092594,50.48952899116764,0.0,255.0,145172
25,nba (25).png,NBA,114.04623553240741,65.56557342099588,0.0,255.0,416820
26,nba (26).png,NBA,156.28860001929013,24.96727811214149,3.0,254.0,28790
27,nba (27).png,NBA,78.2585759066358,65.66586539580737,0.0,255.0,355707
28,nba (28).png,NBA,127.65886091820988,60.60098994365987,0.0,255.0,298206
29,nba (29).png,NBA,57.835991994598764,56.446896836118505,0.0,255.0,508051
30,nba (30).png,NBA,88.93347463348766,54.41140858384886,13.0,234.0,55222
31,nba (31).png,NBA,154.88693431712963,56.65591600605768,0.0,254.0,294580
32,nba (32).png,NBA,67.9382282021605,56.26783269990938,0.0,255.0,280744
33,nba (33).png,NBA,27.208796296296295,37.552384203831146,0.0,229.0,90950
34,nba (34).png,NBA,127.11870659722223,35.21469061312826,0.0,254.0,347694
35,nba (35).png,NBA,66.42389274691358,42.03686737932789,0.0,254.0,306240
36,nba (36).png,NBA,93.32412856867285,48.98529572758505,5.0,255.0,3810
37,nba (37).png,NBA,137.61119550540124,64.13255065396706,0.0,255.0,239036
38,nba (38).png,NBA,162.44248842592592,46.31727084167762,0.0,255.0,261585
39,nba (39).png,NBA,131.53360869984567,66.05157737506818,0.0,255.0,249496
40,nba (40).png,NBA,67.35380111882716,22.866458474104512,0.0,176.0,108863
41,nba (41).png,NBA,155.49152970679012,90.51993244561876,0.0,255.0,143385
42,nba (42).png,NBA,161.4273360339506,57.41339252680718,0.0,255.0,187460
43,nba (43).png,NBA,166.08061197916666,52.8368107359064,0.0,254.0,66370
44,nba (44).png,NBA,110.54040750385802,55.3479147641378,0.0,255.0,374344
45,nba (45).png,NBA,91.95641396604938,69.77246677823118,0.0,254.0,138214
46,nba (46).png,NBA,12.076429398148148,26.444273852406106,0.0,255.0,50713
47,nba (47).png,NBA,133.7102734375,33.910299517415076,5.0,255.0,199504
48,nba (48).png,NBA,51.21693479938272,33.97982555874431,8.0,252.0,14900
49,nba (49).png,NBA,169.98826581790124,62.71692054869598,0.0,255.0,486749
50,nba (50).png,NBA,105.59412181712963,52.30307715512796,0.0,239.0,55396
51,nba (51).png,NBA,122.61588252314814,64.50796484927623,0.0,255.0,496128
52,nba (52).png,NBA,118.76387297453704,55.260163002595014,0.0,255.0,306200
53,nba (53).png,NBA,75.21984182098765,52.552239552258904,0.0,255.0,29417
54,nba (54).png,NBA,75.02231626157408,52.41825867714895,0.0,255.0,27373
55,nba (55).png,NBA,90.6766623263889,48.04464959249514,0.0,242.0,34917
56,nba (56).png,NBA,131.85077980324075,60.3974437603852,0.0,255.0,46583
57,nba (57).png,NBA,80.40931664737654,53.02449903563611,0.0,255.0,25660
58,nba (58).png,NBA,90.2104972029321,77.28037866717669,0.0,255.0,137132
59,nba (59).png,NBA,124.34424141589507,49.12631317815313,0.0,255.0,70774
60,nba (60).png,NBA,170.64425733024692,62.83049665415065,0.0,255.0,106474
61,nba (61).png,NBA,111.66205825617284,77.82197639038247,0.0,255.0,51340
62,nba (62).png,NBA,11.758494405864198,26.988117557253084,0.0,254.0,9815
63,nba (63).png,NBA,123.38040171682098,51.477611725327364,0.0,255.0,147708
64,nba (64).png,NBA,103.16721161265433,47.13289024187703,4.0,249.0,83704
65,nba (65).png,NBA,77.9925815007716,72.6429721634926,0.0,255.0,58400
66,nba (66).png,NBA,126.77483217592592,60.64046440055428,0.0,252.0,78596
67,nba (67).png,NBA,116.11211612654321,31.150280253536398,0.0,255.0,22870
68,nba (68).png,NBA,89.5555999228395,53.05834102169232,2.0,255.0,66761
69,nba (69).png,NBA,37.02272328317901,38.01654582815355,0.0,255.0,105599
70,nba (70).png,NBA,221.92277584876544,50.755276609954485,2.0,255.0,16891
71,nba (71).png,NBA,107.19562017746914,68.75222489743891,0.0,255.0,133125
72,nba (72).png,NBA,225.6303486689815,47.95275408351038,0.0,255.0,26410
73,nba (73).png,NBA,127.15211467978395,28.492244520127258,2.0,254.0,31639
74,nba (74).png,NBA,173.7703703703704,45.390890119524634,0.0,255.0,215230
75,nba (75).png,NBA,179.9975429205247,29.77711662694631,1.0,240.0,4004
76,nba (76).png,NBA,159.25154031635802,62.9929770623854,0.0,255.0,312216
77,nba (77).png,NBA,184.74791956018518,43.62663039964787,0.0,254.0,32683
78,nba (78).png,NBA,60.372344232253084,46.990426283853765,0.0,255.0,443149
79,nba (79).png,NBA,99.66332272376543,85.48011586000248,0.0,255.0,299893
80,nba (80).png,NBA,156.97567177854938,72.49651099694012,0.0,255.0,53926
81,nba (81).png,NBA,178.17234133873458,46.77864160824026,0.0,252.0,216468
82,nba (82).png,NBA,105.15111545138889,55.58385740268081,1.0,254.0,165878
83,nba (83).png,NBA,105.33930989583334,79.299585689795,0.0,255.0,87026
84,nba (84).png,NBA,133.111222029321,53.093689560742874,3.0,246.0,89778
85,nba (85).png,NBA,62.30387972608025,42.24713675092585,0.0,252.0,222143
86,nba (86).png,NBA,130.7195355902778,40.51498901627396,12.0,222.0,6324
87,nba (87).png,NBA,88.76916425540124,61.80519514927554,0.0,255.0,12755
88,nba (88).png,NBA,128.92968605324074,69.95122869360063,0.0,255.0,329793
89,nba (89).png,NBA,81.33316454475309,53.27839809116647,0.0,234.0,162543
90,nba (90).png,NBA,143.53635754243828,75.82185278560573,0.0,239.0,68225
91,nba (91).png,NBA,109.47646508487655,61.31878202678362,0.0,247.0,78158
92,nba (92).png,NBA,70.6223080632716,62.14893257997478,0.0,255.0,59983
93,nba (93).png,NBA,75.01434799382716,61.24140699800218,0.0,255.0,210394
94,nba (94).png,NBA,166.71914737654322,66.04083100655926,0.0,255.0,84822
95,nba (95).png,NBA,185.63717496141976,15.171187372068548,4.0,254.0,29008
96,nba (96).png,NBA,44.850551215277775,38.35592691198541,0.0,255.0,102779
97,nba (97).png,NBA,44.80050974151235,45.17182109177255,0.0,255.0,195004
98,nba (98).png,NBA,36.33511284722222,49.36719392228811,0.0,252.0,154396
99,nba (99).png,NBA,79.64198013117284,44.48872309099636,0.0,255.0,55240
100,nba (100).png,NBA,156.72428867669754,52.27317327688441,1.0,254.0,238102
1,OnePiece (1).png,onePiece_fotos,191.9580724344136,53.53215320157008,0.0,255.0,165562
2,OnePiece (2).png,onePiece_fotos,150.74313512731482,74.54725706404516,0.0,255.0,71139
3,OnePiece (3).png,onePiece_fotos,139.91453655478395,57.84413989647489,0.0,255.0,70730
4,OnePiece (4).png,onePiece_fotos,131.29159336419752,47.34038711753469,0.0,255.0,186721
5,OnePiece (5).png,onePiece_fotos,170.92482156635802,65.73433255230208,0.0,255.0,68038
6,OnePiece (6).png,onePiece_fotos,166.00625819830248,69.34636991886228,0.0,255.0,59624
7,OnePiece (7).png,onePiece_fotos,159.39955488040124,64.95546391292798,7.0,255.0,168720
8,OnePiece (8).png,onePiece_fotos,159.67578269675926,62.33642551763321,0.0,255.0,75590
9,OnePiece (9).png,onePiece_fotos,164.53664544753087,61.91618590216421,0.0,255.0,149345
10,OnePiece (10).png,onePiece_fotos,178.19708912037038,45.016723223776495,0.0,255.0,80934
11,OnePiece (11).png,onePiece_fotos,151.02979648919754,67.1665579442147,0.0,255.0,132847
12,OnePiece (12).png,onePiece_fotos,60.668745177469134,67.10964223572078,0.0,255.0,36324
13,OnePiece (13).png,onePiece_fotos,83.14381992669753,59.170766706786566,0.0,255.0,98075
14,OnePiece (14).png,onePiece_fotos,152.86178433641976,69.90602796864644,0.0,255.0,58721
15,OnePiece (15).png,onePiece_fotos,64.70030285493827,42.383986973385724,0.0,252.0,112679
16,OnePiece (16).png,onePiece_fotos,107.60550684799382,84.02017410878815,0.0,255.0,70940
17,OnePiece (17).png,onePiece_fotos,124.50045331790123,67.14722353500277,0.0,255.0,53529
18,OnePiece (18).png,onePiece_fotos,198.15516541280866,61.73321828138829,0.0,255.0,89363
19,OnePiece (19).png,onePiece_fotos,84.9534022955247,62.618932413552386,0.0,255.0,171263
20,OnePiece (20).png,onePiece_fotos,101.0941300154321,72.89114060130369,0.0,255.0,103748
21,OnePiece (21).png,onePiece_fotos,159.21442274305556,47.382868113009806,0.0,255.0,45911
22,OnePiece (22).png,onePiece_fotos,175.95351128472223,69.86211413273205,0.0,255.0,172279
23,OnePiece (23).png,onePiece_fotos,188.51754822530864,57.453123032502575,0.0,255.0,64153
24,OnePiece (24).png,onePiece_fotos,170.7334837962963,50.99616711813985,0.0,255.0,62347
25,OnePiece (25).png,onePiece_fotos,115.04616657021606,67.28805764970838,0.0,255.0,154406
26,OnePiece (26).png,onePiece_fotos,160.89256172839507,43.10556845764099,0.0,255.0,90151
27,OnePiece (27).png,onePiece_fotos,92.15423804012346,65.91254714191375,0.0,255.0,35039
28,OnePiece (28).png,onePiece_fotos,154.08403935185186,52.69670663453775,0.0,255.0,55842
29,OnePiece (29).png,onePiece_fotos,93.99288628472222,31.172481013908662,0.0,255.0,42702
30,OnePiece (30).png,onePiece_fotos,142.88685860339507,55.22636496194708,0.0,255.0,67267
31,OnePiece (31).png,onePiece_fotos,132.69866319444444,98.24798738409976,0.0,255.0,68972
32,OnePiece (32).png,onePiece_fotos,103.47720823688272,48.201868438553625,0.0,255.0,70909
33,OnePiece (33).png,onePiece_fotos,59.06198591820988,27.696818171686253,0.0,255.0,22630
34,OnePiece (34).png,onePiece_fotos,3.7512654320987657,25.014350941575742,0.0,255.0,12419
35,OnePiece (35).png,onePiece_fotos,125.30452546296297,60.831046424277886,0.0,255.0,152161
36,OnePiece (36).png,onePiece_fotos,19.88046055169753,58.05654825340887,0.0,255.0,62566
37,OnePiece (37).png,onePiece_fotos,132.6271301118827,68.6199134533718,0.0,255.0,90162
38,OnePiece (38).png,onePiece_fotos,162.64994212962964,33.43919637724893,0.0,255.0,133871
39,OnePiece (39).png,onePiece_fotos,139.8117476851852,59.89609239004517,0.0,255.0,161547
40,OnePiece (40).png,onePiece_fotos,225.40495177469137,34.26651169387755,0.0,255.0,48948
41,OnePiece (41).png,onePiece_fotos,135.94399016203704,50.10950672679466,0.0,255.0,14704
42,OnePiece (42).png,onePiece_fotos,182.0236762152778,44.327524391735885,0.0,255.0,120902
43,OnePiece (43).png,onePiece_fotos,165.33419994212963,62.334669495741124,0.0,255.0,123684
44,OnePiece (44).png,onePiece_fotos,148.3748403742284,60.18505330237262,0.0,255.0,91129
45,OnePiece (45).png,onePiece_fotos,99.92810281635802,37.60396652209282,0.0,255.0,68086
46,OnePiece (46).png,onePiece_fotos,149.61255353009258,109.88860942778796,0.0,255.0,9599
47,OnePiece (47).png,onePiece_fotos,140.7976138117284,44.4710938278207,0.0,255.0,41811
48,OnePiece (48).png,onePiece_fotos,144.09271749614197,71.12470636651413,0.0,255.0,76510
49,OnePiece (49).png,onePiece_fotos,250.33480999228397,9.97661057462128,62.0,255.0,5648
50,OnePiece (50).png,onePiece_fotos,45.333504050925924,65.12403732293764,0.0,255.0,94609
51,OnePiece (51).png,onePiece_fotos,186.05507040895063,37.70566565974127,0.0,255.0,62262
52,OnePiece (52).png,onePiece_fotos,163.72115740740742,41.413023508296,0.0,255.0,64593
53,OnePiece (53).png,onePiece_fotos,134.95496576003086,55.5339841001045,0.0,255.0,46274
54,OnePiece (54).png,onePiece_fotos,100.52679446373457,54.95020146326133,0.0,255.0,88099
55,OnePiece (55).png,onePiece_fotos,160.34855758101853,50.30255234065022,0.0,255.0,77402
56,OnePiece (56).png,onePiece_fotos,112.72233651620371,92.81074497093523,0.0,255.0,44775
57,OnePiece (57).png,onePiece_fotos,165.24659191743828,62.21379162417063,0.0,255.0,84853
58,OnePiece (58).png,onePiece_fotos,189.4462717013889,47.461266615426574,0.0,255.0,80805
59,OnePiece (59).png,onePiece_fotos,174.89905044367285,35.12891898067911,0.0,255.0,32193
60,OnePiece (60).png,onePiece_fotos,112.1806143904321,62.60690651526479,0.0,255.0,52699
61,OnePiece (61).png,onePiece_fotos,162.4249324845679,58.355056904888336,0.0,255.0,74340
62,OnePiece (62).png,onePiece_fotos,194.4459693287037,71.96946637118353,0.0,255.0,97670
63,OnePiece (63).png,onePiece_fotos,147.42976417824073,74.49622119808186,0.0,255.0,124098
64,OnePiece (64).png,onePiece_fotos,116.29088638117284,67.69860179556642,0.0,255.0,55172
65,OnePiece (65).png,onePiece_fotos,188.7299508101852,64.93880058121927,0.0,255.0,80040
66,OnePiece (66).png,onePiece_fotos,173.41432388117283,55.826492951590325,0.0,255.0,159970
67,OnePiece (67).png,onePiece_fotos,152.07651813271605,48.95784444703167,0.0,255.0,168216
68,OnePiece (68).png,onePiece_fotos,71.21584972993827,37.49360483459614,0.0,255.0,93007
69,OnePiece (69).png,onePiece_fotos,86.02953703703704,24.587812689398287,0.0,255.0,20026
70,OnePiece (70).png,onePiece_fotos,88.09385609567902,32.47691527700633,0.0,211.0,30259
71,OnePiece (71).png,onePiece_fotos,98.58105420524691,35.38655423911706,12.0,255.0,7766
72,OnePiece (72).png,onePiece_fotos,169.29941647376543,38.56977210538518,20.0,255.0,33812
73,OnePiece (73).png,onePiece_fotos,151.75195505401234,30.138073090231174,10.0,237.0,24323
74,OnePiece (74).png,onePiece_fotos,149.75691309799382,40.801198247763445,7.0,255.0,71437
75,OnePiece (75).png,onePiece_fotos,187.0663956404321,49.71606223860108,0.0,255.0,92197
76,OnePiece (76).png,onePiece_fotos,167.6170172646605,72.89069923898201,0.0,255.0,91050
77,OnePiece (77).png,onePiece_fotos,160.8201875964506,73.14372867529379,0.0,255.0,107411
78,OnePiece (78).png,onePiece_fotos,209.26830391589507,27.277899983946234,0.0,255.0,8101
79,OnePiece (79).png,onePiece_fotos,163.26557195216049,48.70554810070174,0.0,255.0,60833
80,OnePiece (80).png,onePiece_fotos,108.90348186728396,78.05999746054428,0.0,255.0,46024
81,OnePiece (81).png,onePiece_fotos,153.00991946373458,56.100895913202315,0.0,255.0,99712
82,OnePiece (82).png,onePiece_fotos,130.5649078896605,70.2516367851571,0.0,255.0,91049
83,OnePiece (83).png,onePiece_fotos,170.11697241512346,41.63102775536522,0.0,255.0,97025
84,OnePiece (84).png,onePiece_fotos,43.921000675154325,66.00520506608383,0.0,255.0,24895
85,OnePiece (85).png,onePiece_fotos,165.37685426311728,74.23299827209901,0.0,255.0,186651
86,OnePiece (86).png,onePiece_fotos,173.03021894290123,59.11685931097736,0.0,255.0,99657
87,OnePiece (87).png,onePiece_fotos,39.185833333333335,52.79225296854994,0.0,255.0,50428
88,OnePiece (88).png,onePiece_fotos,62.716771797839506,53.953038276542586,0.0,255.0,48662
89,OnePiece (89).png,onePiece_fotos,162.2839236111111,50.08523832844371,0.0,255.0,111027
90,OnePiece (90).png,onePiece_fotos,142.61758101851854,76.86643588709539,0.0,255.0,205144
91,OnePiece (91).png,onePiece_fotos,58.34808207947531,78.8765417007341,0.0,255.0,41171
92,OnePiece (92).png,onePiece_fotos,101.35409625771605,80.96389123989788,0.0,255.0,162353
93,OnePiece (93).png,onePiece_fotos,116.67234664351852,79.39863702537887,0.0,255.0,157061
94,OnePiece (94).png,onePiece_fotos,184.96802662037038,64.55273062345024,0.0,255.0,69314
95,OnePiece (95).png,onePiece_fotos,210.99978925540125,52.90595217655474,0.0,255.0,81324
96,OnePiece (96).png,onePiece_fotos,129.81552083333332,25.54634856488883,0.0,255.0,48921
97,OnePiece (97).png,onePiece_fotos,133.22167872299383,47.2864516789165,0.0,255.0,108711
98,OnePiece (98).png,onePiece_fotos,72.8290272955247,47.87848565491858,0.0,255.0,81537
99,OnePiece (99).png,onePiece_fotos,105.85152150848765,51.987077242167445,0.0,255.0,31314
100,OnePiece (100).png,onePiece_fotos,63.2239168595679,63.42438912388876,0.0,255.0,61955
1,Snkrs (1).png,SNKRS,223.87895736882717,26.682962188889675,1.0,254.0,9320
2,Snkrs (2).png,SNKRS,75.64936005015433,50.19912466099123,0.0,251.0,134444
3,Snkrs (3).png,SNKRS,109.46977430555556,49.12655118403533,0.0,253.0,97563
4,Snkrs (4).png,SNKRS,76.25254774305556,69.70550615116058,0.0,255.0,45848
5,Snkrs (5).png,SNKRS,102.5901953125,68.56118938047588,0.0,254.0,124782
6,Snkrs (6).png,SNKRS,159.75988763503088,73.47384021983729,0.0,255.0,25785
7,Snkrs (7).png,SNKRS,109.93619598765433,72.39293578158942,0.0,246.0,28636
8,Snkrs (8).png,SNKRS,196.24709924768518,64.2405748638713,0.0,255.0,60746
9,Snkrs (9).png,SNKRS,95.2857566550926,63.64961064790744,0.0,254.0,76434
10,Snkrs (10).png,SNKRS,91.72238088348766,72.97018334280219,1.0,255.0,87570
11,Snkrs (11).png,SNKRS,126.80541329089506,46.05828234327789,1.0,253.0,40005
12,Snkrs (12).png,SNKRS,90.55344714506172,65.5258899765155,2.0,255.0,62295
13,Snkrs (13).png,SNKRS,165.91427179783952,58.86009877691972,1.0,254.0,323619
14,Snkrs (14).png,SNKRS,96.75260706018518,61.406877458493746,0.0,255.0,96318
15,Snkrs (15).png,SNKRS,89.51162471064815,57.82067978413463,0.0,255.0,79470
16,Snkrs (16).png,SNKRS,57.22577498070988,35.177458305318716,0.0,244.0,90406
17,Snkrs (17).png,SNKRS,57.02720582561729,32.3761913123514,21.0,255.0,31730
18,Snkrs (18).png,SNKRS,70.16986352237655,35.360022691400935,23.0,242.0,69442
19,Snkrs (19).png,SNKRS,78.69628616898149,49.94544323810399,3.0,254.0,52221
20,Snkrs (20).png,SNKRS,67.26985725308643,28.782106840352,0.0,255.0,117936
21,Snkrs (21).png,SNKRS,119.46051263503087,40.373640475710104,0.0,252.0,181878
22,Snkrs (22).png,SNKRS,85.70226466049382,50.73912121399861,1.0,254.0,48023
23,Snkrs (23).png,SNKRS,114.18775752314815,60.55942666339594,0.0,255.0,47060
24,Snkrs (24).png,SNKRS,176.82537519290125,60.401877859568515,2.0,255.0,44069
25,Snkrs (25).png,SNKRS,106.70055941358025,47.46570032197863,0.0,254.0,275048
26,Snkrs (26).png,SNKRS,153.47024209104939,38.66202223911847,0.0,255.0,148250
27,Snkrs (27).png,SNKRS,88.89192949459877,52.90687692388547,0.0,254.0,99710
28,Snkrs (28).png,SNKRS,91.86534673996914,36.80750008962245,7.0,235.0,74796
29,Snkrs (29).png,SNKRS,75.38948061342593,34.277848037732866,0.0,179.0,32803
30,Snkrs (30).png,SNKRS,54.63449266975309,29.59899735397589,0.0,198.0,89534
31,Snkrs (31).png,SNKRS,94.57900173611111,45.197728136602834,0.0,187.0,40223
32,Snkrs (32).png,SNKRS,54.25823929398148,40.94828731054437,5.0,189.0,48322
33,Snkrs (33).png,SNKRS,87.06596739969136,37.78353082674803,1.0,196.0,53096
34,Snkrs (34).png,SNKRS,97.83945601851852,48.100658728473086,0.0,199.0,81192
35,Snkrs (35).png,SNKRS,52.56265239197531,39.4885387369035,1.0,199.0,34876
36,Snkrs (36).png,SNKRS,97.20607735339506,60.21567320622123,2.0,255.0,147077
37,Snkrs (37).png,SNKRS,117.00768084490741,39.65361241986924,0.0,255.0,59702
38,Snkrs (38).png,SNKRS,217.87935426311728,27.103659172442992,0.0,255.0,30027
39,Snkrs (39).png,SNKRS,43.77270351080247,48.84958053260911,1.0,254.0,80414
40,Snkrs (40).png,SNKRS,132.64548418209876,65.77208464459888,0.0,255.0,135418
41,Snkrs (41).png,SNKRS,139.46545235339505,73.43663947839572,0.0,255.0,58577
42,Snkrs (42).png,SNKRS,122.43296055169753,45.43762502023345,0.0,255.0,265510
43,Snkrs (43).png,SNKRS,178.17234133873458,46.77864160824026,0.0,252.0,216468
44,Snkrs (44).png,SNKRS,127.66364101080248,21.49141382563092,0.0,255.0,16608
45,Snkrs (45).png,SNKRS,151.36211853780864,56.592510404468314,0.0,255.0,175258
46,Snkrs (46).png,SNKRS,91.71260416666667,56.708303272102256,0.0,253.0,259027
47,Snkrs (47).png,SNKRS,30.982688078703703,24.86628544982287,0.0,255.0,25242
48,Snkrs (48).png,SNKRS,130.11407118055556,41.513707028563715,0.0,255.0,576231
49,Snkrs (49).png,SNKRS,30.455187596450617,56.48170097723802,0.0,255.0,27851
50,Snkrs (50).png,SNKRS,137.6644391396605,79.63590913292042,1.0,243.0,44794
51,Snkrs (51).png,SNKRS,71.3896522955247,33.89105644372525,3.0,231.0,38819
52,Snkrs (52).png,SNKRS,222.803448591821,23.854974399424226,0.0,255.0,20740
53,Snkrs (53).png,SNKRS,86.52129484953704,59.859389547634834,0.0,255.0,165525
54,Snkrs (54).png,SNKRS,80.73786603009259,75.06344823672114,1.0,252.0,76227
55,Snkrs (55).png,SNKRS,21.337077546296296,25.055703768673585,0.0,255.0,22492
56,Snkrs (56).png,SNKRS,83.83486738040123,48.05921255179225,0.0,255.0,401702
57,Snkrs (57).png,SNKRS,100.13456163194445,62.45406321367663,0.0,255.0,56037
58,Snkrs (58).png,SNKRS,224.38633053626543,38.59135969092933,0.0,255.0,25277
59,Snkrs (59).png,SNKRS,181.1953766396605,62.26964352525754,1.0,255.0,210787
60,Snkrs (60).png,SNKRS,66.26188416280864,42.544133508928674,0.0,255.0,95549
61,Snkrs (61).png,SNKRS,82.4197796103395,57.18385881842016,0.0,254.0,433527
62,Snkrs (62).png,SNKRS,121.42944492669753,32.00361414399831,0.0,242.0,70742
63,Snkrs (63).png,SNKRS,151.14120997299383,62.23959855061093,12.0,255.0,51646
64,Snkrs (64).png,SNKRS,62.16525270061729,66.1260687487568,0.0,255.0,46551
65,Snkrs (65).png,SNKRS,89.01467737268518,68.86960073941229,0.0,255.0,62128
66,Snkrs (66).png,SNKRS,118.00583912037037,67.28838110206524,3.0,255.0,13219
67,Snkrs (67).png,SNKRS,130.46999131944446,56.34603522956821,0.0,255.0,81328
68,Snkrs (68).png,SNKRS,121.30291811342593,58.75531123689841,1.0,255.0,160248
69,Snkrs (69).png,SNKRS,198.91087094907408,54.38353579654875,0.0,254.0,29353
70,Snkrs (70).png,SNKRS,98.09965277777778,73.94458183236961,8.0,251.0,79666
71,Snkrs (71).png,SNKRS,65.70415557484569,40.18515837714231,11.0,254.0,47282
72,Snkrs (72).png,SNKRS,174.47789207175927,66.25758076134375,1.0,255.0,40161
73,Snkrs (73).png,SNKRS,147.03709442515432,89.81577435818248,0.0,255.0,72515
74,Snkrs (74).png,SNKRS,155.22835310570989,60.55748123385915,0.0,255.0,138194
75,Snkrs (75).png,SNKRS,110.01564863040123,71.88347893230586,0.0,255.0,250329
76,Snkrs (76).png,SNKRS,108.91756124614197,85.29301074280218,0.0,255.0,96959
77,Snkrs (77).png,SNKRS,152.621015625,52.960016485572844,0.0,255.0,109467
78,Snkrs (78).png,SNKRS,119.47925491898148,81.3121103522398,0.0,255.0,144134
79,Snkrs (79).png,SNKRS,118.2706534529321,56.171196055344005,0.0,254.0,109248
80,Snkrs (80).png,SNKRS,185.3241222993827,54.75354722165381,1.0,255.0,66998
81,Snkrs (81).png,SNKRS,145.223370466821,70.3140683708614,0.0,255.0,49963
82,Snkrs (82).png,SNKRS,61.00491415895062,36.07010218138747,1.0,254.0,132743
83,Snkrs (83).png,SNKRS,183.00479890046296,61.9060107523302,0.0,255.0,32060
84,Snkrs (84).png,SNKRS,53.945756655092595,58.89317424856927,0.0,255.0,25686
85,Snkrs (85).png,SNKRS,121.18536651234568,54.9455073219428,0.0,255.0,321719
86,Snkrs (86).png,SNKRS,89.04713831018519,75.72443386052277,0.0,255.0,50050
87,Snkrs (87).png,SNKRS,54.7471590470679,45.9277365367934,0.0,255.0,96999
88,Snkrs (88).png,SNKRS,186.48128279320989,65.9786467907886,0.0,255.0,54377
89,Snkrs (89).png,SNKRS,40.798273051697535,45.04868990332655,0.0,255.0,88555
90,Snkrs (90).png,SNKRS,174.00033516589505,55.91546297056399,0.0,255.0,80962
91,Snkrs (91).png,SNKRS,90.98502170138889,59.202215576620645,1.0,255.0,76151
92,Snkrs (92).png,SNKRS,60.430015914351856,57.76714135694593,0.0,255.0,160135
93,Snkrs (93).png,SNKRS,161.94477816358025,82.62153447753336,0.0,255.0,67788
94,Snkrs (94).png,SNKRS,76.9887852044753,60.36487371387006,0.0,255.0,86071
95,Snkrs (95).png,SNKRS,180.55997251157407,43.28696683552066,0.0,249.0,43963
96,Snkrs (96).png,SNKRS,85.14542004243827,39.81015621798024,3.0,252.0,93035
97,Snkrs (97).png,SNKRS,134.59342592592594,35.3644636703794,1.0,255.0,38294
98,Snkrs (98).png,SNKRS,142.78639612268518,55.40456410959745,1.0,254.0,82481
99,Snkrs (99).png,SNKRS,81.860987654321,39.36765700966216,1.0,254.0,108785
100,Snkrs (100).png,SNKRS,97.19465326003086,70.28726113044027,0.0,254.0,99263
1,SW (1).png,StarWars,175.89608892746915,71.38251490230348,0.0,255.0,108547
2,SW (2).png,StarWars,5.176227816358025,10.427661137050297,0.0,70.0,2264
3,SW (3).png,StarWars,42.60869502314815,46.63765649857398,0.0,255.0,63198
4,SW (4).png,StarWars,197.73372010030866,73.37825870126956,0.0,255.0,45636
5,SW (5).png,StarWars,135.48715856481482,52.825914178055,10.0,255.0,150999
6,SW (6).png,StarWars,28.08651813271605,22.0261891711748,0.0,253.0,32926
7,SW (7).png,StarWars,100.10987027391975,69.7266868230299,0.0,254.0,143850
8,SW (8).png,StarWars,64.8913956404321,50.33965102114879,0.0,254.0,227968
9,SW (9).png,StarWars,81.37977141203704,58.08145085644574,0.0,255.0,262350
10,SW (10).png,StarWars,29.441531153549384,35.36187981387804,0.0,255.0,83763
11,SW (11).png,StarWars,56.456921778549386,43.821252251578414,0.0,251.0,4566
12,SW (12).png,StarWars,218.64710021219136,38.996411442012615,0.0,255.0,33596
13,SW (13).png,StarWars,94.22064187885803,48.80827995001502,0.0,249.0,41071
14,SW (14).png,StarWars,24.907614776234567,53.72586492376693,0.0,255.0,8565
15,SW (15).png,StarWars,82.82286554783951,54.06547464454722,0.0,252.0,112847
16,SW (16).png,StarWars,143.89723524305555,70.97112411002801,1.0,255.0,44892
17,SW (17).png,StarWars,166.722404996142,68.53410654821309,0.0,255.0,48246
18,SW (18).png,StarWars,76.24273582175925,82.43073926743922,0.0,255.0,139088
19,SW (19).png,StarWars,80.98673128858024,57.350520094875485,0.0,255.0,513524
20,SW (20).png,StarWars,136.4009403935185,74.20938600176652,0.0,255.0,155435
21,SW (21).png,StarWars,105.0407349537037,59.08235461891123,0.0,254.0,65277
22,SW (22).png,StarWars,110.91727237654321,73.47282356589582,0.0,255.0,382544
23,SW (23).png,StarWars,47.32452883873457,45.92056158485182,0.0,253.0,222443
24,SW (24).png,StarWars,39.85498360339506,60.58678536058496,0.0,254.0,161869
25,SW (25).png,StarWars,68.0881925154321,79.30598051460363,0.0,255.0,196392
26,SW (26).png,StarWars,107.876953125,80.3957425120112,0.0,255.0,348229
27,SW (27).png,StarWars,48.3783666087963,55.1945090909446,0.0,255.0,59887
28,SW (28).png,StarWars,136.19376157407407,92.99321769711935,0.0,255.0,120282
29,SW (29).png,StarWars,75.48689525462963,53.06208288587006,0.0,255.0,173384
30,SW (30).png,StarWars,53.26757716049383,81.41027868620553,0.0,255.0,18866
31,SW (31).png,StarWars,60.52924479166667,48.00075139736144,0.0,255.0,114473
32,SW (32).png,StarWars,62.3184944058642,82.3230774989511,0.0,255.0,93363
33,SW (33).png,StarWars,182.6878443287037,28.806790243985088,1.0,254.0,11607
34,SW (34).png,StarWars,85.22124951774691,84.3797289183564,0.0,255.0,53010
35,SW (35).png,StarWars,136.88686246141975,62.6098305185328,0.0,254.0,33443
36,SW (36).png,StarWars,236.37463879243828,53.33077361333944,0.0,255.0,34671
37,SW (37).png,StarWars,239.9950679976852,42.34942145495781,0.0,255.0,41139
38,SW (38).png,StarWars,3.6798220486111113,7.0076003896232635,0.0,255.0,7488
39,SW (39).png,StarWars,245.47400173611112,29.54024305744187,0.0,255.0,7998
40,SW (40).png,StarWars,148.14786168981482,62.050448329445565,0.0,254.0,156183
41,SW (41).png,StarWars,126.60190875771605,53.42530214568926,0.0,255.0,165454
42,SW (42).png,StarWars,93.45225790895061,54.01540570652296,0.0,252.0,331046
43,SW (43).png,StarWars,108.84325761959877,59.74945981935772,0.0,255.0,178582
44,SW (44).png,StarWars,116.8762890625,64.07961015786802,0.0,255.0,127939
45,SW (45).png,StarWars,224.77956307870372,17.770680993498136,0.0,255.0,19411
46,SW (46).png,StarWars,94.03060185185186,32.09392574158857,5.0,255.0,15421
47,SW (47).png,StarWars,146.56700906635803,35.89269906816261,0.0,241.0,55282
48,SW (48).png,StarWars,118.89559365354938,56.116783169291665,0.0,255.0,30491
49,SW (49).png,StarWars,79.28825569058642,57.14841257120935,5.0,247.0,31889
50,SW (50).png,StarWars,121.01896026234569,57.65865953828859,2.0,255.0,190190
51,SW (51).png,StarWars,51.6071875,39.958220248058005,2.0,251.0,6166
52,SW (52).png,StarWars,208.45648919753086,39.28681186059315,0.0,255.0,22223
53,SW (53).png,StarWars,204.4541189236111,59.16008553856152,0.0,255.0,24813
54,SW (54).png,StarWars,115.1437823109568,63.48213934019563,0.0,255.0,380943
55,SW (55).png,StarWars,40.006841242283954,20.851754852651087,2.0,252.0,20121
56,SW (56).png,StarWars,140.49612750771604,38.689581949155404,0.0,240.0,13031
57,SW (57).png,StarWars,189.32779899691357,71.20902881447228,1.0,255.0,40596
58,SW (58).png,StarWars,41.67782841435185,59.9779710262092,0.0,255.0,32620
59,SW (59).png,StarWars,117.07819058641975,57.17817138079296,0.0,255.0,242666
60,SW (60).png,StarWars,105.99953414351852,51.68646640082544,0.0,255.0,112050
61,SW (61).png,StarWars,11.30172694830247,15.224604218154234,0.0,244.0,8142
62,SW (62).png,StarWars,82.81230999228396,52.31989725167193,0.0,255.0,89973
63,SW (63).png,StarWars,84.19010271990742,39.404643866866195,2.0,255.0,24526
64,SW (64).png,StarWars,116.38038628472222,60.0923815877634,0.0,255.0,243739
65,SW (65).png,StarWars,72.11251253858025,62.28349008855205,0.0,220.0,14272
66,SW (66).png,StarWars,171.03545958719135,55.00189645690504,0.0,255.0,21282
67,SW (67).png,StarWars,34.71146942515432,52.77640838877098,0.0,255.0,41880
68,SW (68).png,StarWars,161.48472608024693,55.69423268283899,0.0,255.0,50802
69,SW (69).png,StarWars,65.83025945216049,50.16998368154306,0.0,255.0,50533
70,SW (70).png,StarWars,98.29715326003087,52.01072552869332,0.0,255.0,21620
71,SW (71).png,StarWars,98.59220148533952,50.790250926372465,0.0,255.0,21462
72,SW (72).png,StarWars,43.90674961419753,47.19253661868559,0.0,212.0,13044
73,SW (73).png,StarWars,111.25091049382716,57.64373692915053,0.0,227.0,4198
74,SW (74).png,StarWars,79.20685667438272,52.64316216581468,0.0,255.0,35442
75,SW (75).png,StarWars,106.62765528549383,64.86629804266047,0.0,236.0,26431
76,SW (76).png,StarWars,136.5516898148148,66.40049143034125,0.0,255.0,22340
77,SW (77).png,StarWars,96.23987847222223,63.47589031603021,0.0,254.0,20752
78,SW (78).png,StarWars,133.2366657021605,70.10200564299882,0.0,255.0,18243
79,SW (79).png,StarWars,182.66623312114197,24.668181487333726,0.0,252.0,53219
80,SW (80).png,StarWars,174.66864197530865,67.48017673943512,1.0,255.0,21227
81,SW (81).png,StarWars,61.06604021990741,55.42155159559012,0.0,254.0,252042
82,SW (82).png,StarWars,137.49945071373457,72.46858217780905,0.0,255.0,187395
83,SW (83).png,StarWars,197.36357831790124,71.86925480423038,12.0,254.0,17134
84,SW (84).png,StarWars,62.236265914351854,48.87673967850747,0.0,255.0,14787
85,SW (85).png,StarWars,155.34406442901235,74.54034897853329,0.0,254.0,23747
86,SW (86).png,StarWars,127.40515673225309,47.33279649834064,0.0,253.0,98206
87,SW (87).png,StarWars,189.59276138117283,46.01225392501221,1.0,252.0,30569
88,SW (88).png,StarWars,158.3688642939815,45.43443698169124,1.0,252.0,43123
89,SW (89).png,StarWars,111.77407455632716,86.23206818893225,0.0,255.0,66681
90,SW (90).png,StarWars,15.437857831790124,18.28109353479113,0.0,255.0,87137
91,SW (91).png,StarWars,42.1991049382716,42.45225412819212,1.0,255.0,9896
92,SW (92).png,StarWars,75.181484375,49.286651025260674,1.0,255.0,75336
93,SW (93).png,StarWars,171.33499517746915,54.425999723130865,0.0,255.0,47240
94,SW (94).png,StarWars,226.63155381944446,39.83896454216224,0.0,255.0,10146
95,SW (95).png,StarWars,167.27864197530866,50.798857687636314,3.0,252.0,52260
96,SW (96).png,StarWars,148.44123842592592,62.918639716501694,40.0,255.0,71966
97,SW (97).png,StarWars,138.8687427662037,67.13868699855293,0.0,255.0,150648
98,SW (98).png,StarWars,33.05126205632716,45.17015624330898,0.0,255.0,7634
99,SW (99).png,StarWars,115.16354504243827,78.87338910985244,0.0,255.0,294592
100,SW (100).png,StarWars,25.769856288580247,32.08446552413358,0.0,255.0,20267
